WindSpeed_[m/s] ; RotorSpeed_[rpm] ; PitchAngle_[deg] ;GeneratorTorque_[Nm]
0;0;0;0
4;6.990086628;2.622212833;4248.863919
7;6.989953215;1.527951099;65508.73043
10;7.930577166;0.023613945;168464.9209
14;9.599894736;9.317550042;198943.6872
20;9.600576161;17.71844165;198943.6872
