Operating Points,,,,,,
Wind Speed (mps),0.0,4.0,7.0,10.0,14.0,20.0
Rotor Speed (rpm),0.0002476058390288589,6.965472427697012,6.994132704201384,7.932409081611456,10.016521195724206,9.64835123089722
