Operating Points,,,,,,
Wind Speed (mps),0.0,4.0,7.0,10.0,14.0,20.0
Rotor Speed (rpm),0.0,6.990086744392859,6.989697956584823,7.9305776107099275,9.939576654244226,9.647988378162662
